{
    "one": {
        "camera_matrix": [
            [
                457.7061240698116,
                0.0,
                326.1939009421672
            ],
            [
                0.0,
                459.0839690169524,
                228.5659524576563
            ],
            [
                0.0,
                0.0,
                1.0
            ]
        ],
        "camera_distortion": [
            [
                -0.04435249232047365,
                0.10937697557771049,
                -0.0028865713845291807,
                -0.00047765422128016925,
                -0.07456039235927928
            ]
        ],
        "model": "pinhole"
    },
    "two": {
        "left_camera_matrix": [
            [
                459.4251870562076,
                0.0,
                316.69040539705776
            ],
            [
                0.0,
                460.72517625198685,
                228.7744098283056
            ],
            [
                0.0,
                0.0,
                1.0
            ]
        ],
        "right_camera_matrix": [
            [
                459.15207872312305,
                0.0,
                327.21174380077184
            ],
            [
                0.0,
                460.4245238581771,
                230.12148916771778
            ],
            [
                0.0,
                0.0,
                1.0
            ]
        ],
        "left_distortion": [
            [
                -0.03520259653525342,
                0.10883261891896304,
                -0.004217971430558006,
                0.0029269254830512764,
                -0.11299317196187272
            ]
        ],
        "right_distortion": [
            [
                -0.022625226767483873,
                0.03957956598036966,
                -0.0028998368878764553,
                0.0011672734138254437,
                0.012106365960321675
            ]
        ],
        "R": [
            [
                0.999984647663039,
                0.0009503173683704098,
                0.005459059912393472
            ],
            [
                -0.0009441247457648993,
                0.9999989081106654,
                -0.0011368403323892926
            ],
            [
                -0.005460134310817112,
                0.0011316688456815321,
                0.9999844530086113
            ]
        ],
        "T": [
            -61.55716206445017,
            0.14044387461107136,
            1.65798142966088
        ],
        "model": "pinhole"
    },
    "eyeinhand": {
        "RT_camera2end": [
            [
                0.006634210009404562,
                -0.9999771781747374,
                0.0012768661795082969,
                -0.005413086053222289
            ],
            [
                0.999748509636268,
                0.006660036435661931,
                0.02141404666886943,
                0.0315682054330637
            ],
            [
                -0.021422061936517182,
                0.0011344797772159035,
                0.9997698776308592,
                0.048823004194675154
            ],
            [
                0.0,
                0.0,
                0.0,
                1.0
            ]
        ]
    }
}